{"cpu":[[1773006247477,0.01131782945736434],[1773006264466,0.010526315789473684],[1773006307505,0.01310880829015544],[1773006323583,0.01082687338501292],[1773006367148,0.022270408163265306],[1773006383583,0.021131105398457584],[1773006427173,0.014936061381074167],[1773006443914,0.00979381443298969],[1773006487155,0.010313315926892951],[1773006503589,0.010130548302872062]],"mem":[[1773006247477,216043520],[1773006264466,216043520],[1773006307505,216334336],[1773006323583,216317952],[1773006367148,216600576],[1773006383583,216641536],[1773006427173,216588288],[1773006443914,216588288],[1773006487155,213839872],[1773006503589,213798912]],"net_rx":[[1773006247477,6675],[1773006264466,105.99191972838149],[1773006307505,14087],[1773006323583,240.15088722364126],[1773006367148,15379],[1773006383583,257.4],[1773006427173,6658],[1773006443914,107.4737697038007],[1773006487155,15120],[1773006503589,258.13154587348134]],"net_tx":[[1773006247477,591],[1773006264466,10.185694505035945],[1773006307505,9751],[1773006323583,167.17695417561785],[1773006367148,13121],[1773006383583,216.48333333333332],[1773006427173,604],[1773006443914,10.011436906399695],[1773006487155,11436],[1773006503589,193.85002094679515]],"io_r":[[1773006247477,0],[1773006264466,0],[1773006307505,0],[1773006323583,0],[1773006367148,0],[1773006383583,0],[1773006427173,0],[1773006443914,0],[1773006487155,0],[1773006503589,0]],"io_w":[[1773006247477,16384],[1773006264466,310.76800515923446],[1773006307505,81920],[1773006323583,1385.7266099429944],[1773006367148,131072],[1773006383583,2184.5333333333333],[1773006427173,0],[1773006443914,0],[1773006487155,147456],[1773006503589,2470.9844993715965]]}