{"cpu":[[1773006247453,0.07363499999999999]],"mem":[[1773006247453,11313152],[1773006263581,11321344],[1773006307086,11427840],[1773006323581,11427840],[1773006367116,11431936],[1773006383581,11427840],[1773006427116,11243520],[1773006443583,11239424],[1773006487113,11243520],[1773006503583,11239424]],"net_rx":[[1773006247453,42507],[1773006263581,557.8312341616552],[1773006307086,33084],[1773006323581,476.4253929101182],[1773006367116,21028],[1773006383581,348.26666666666665],[1773006427116,23270],[1773006443583,407.1697610079664],[1773006487113,21674],[1773006503583,344.0833333333333]],"net_tx":[[1773006247453,330652],[1773006263581,4871.931616173078],[1773006307086,304480],[1773006323581,4167.947200879986],[1773006367116,202542],[1773006383581,3373.5],[1773006427116,207058],[1773006443583,3597.1800939968666],[1773006487113,193754],[1773006503583,3134.9666666666667]],"io_r":[[1773006247453,0],[1773006263581,0],[1773006307086,0],[1773006323581,0],[1773006367116,0],[1773006383581,0],[1773006427116,0],[1773006443583,0],[1773006487113,0],[1773006503583,0]],"io_w":[[1773006247453,0],[1773006263581,0],[1773006307086,0],[1773006323581,0],[1773006367116,0],[1773006383581,0],[1773006427116,0],[1773006443583,0],[1773006487113,0],[1773006503583,0]]}